{"form_rate": {"Algeria": 0.25, "Angola": 0.0, "Argentina": 0.6379310344827587, "Australia": 0.1111111111111111, "Austria": 0.0, "Belgium": 0.5769230769230769, "Bosnia": 0.0, "Brazil": 0.7, "Bulgaria": 0.0, "Cameroon": 0.4, "Canada": 0.0, "Chile": 0.7, "Colombia": 0.6666666666666666, "Costa Rica": 0.25, "Croatia": 0.5333333333333333, "Czechoslovakia": 0.0, "Denmark": 0.16666666666666666, "Ecuador": 0.3, "England": 0.5833333333333334, "France": 0.8636363636363636, "Germany": 0.6851851851851852, "Ghana": 0.375, "Greece": 0.0, "Honduras": 0.0, "Iceland": 0.16666666666666666, "Iran": 0.25, "Italy": 0.7916666666666666, "Ivory Coast": 0.0, "Japan": 0.4375, "Korea Republic": 0.6666666666666666, "Mexico": 0.4166666666666667, "Morocco": 0.5, "Netherlands": 0.7777777777777778, "Nigeria": 0.16666666666666666, "North Korea": 0.0, "Panama": 0.0, "Paraguay": 0.0, "Peru": 0.0, "Poland": 0.08333333333333333, "Portugal": 0.5625, "Qatar": 0.0, "Republic of Ireland": 0.0, "Russia": 0.6666666666666666, "Saudi Arabia": 0.2, "Senegal": 0.5, "Serbia": 0.25, "Serbia & Montenegro": 0.0, "Slovakia": 0.0, "South Africa": 0.25, "South Korea": 0.3888888888888889, "Spain": 0.5357142857142857, "Sweden": 0.25, "Switzerland": 0.4583333333333333, "Togo": 0.0, "Trinidad & Tobago": 0.0, "Tunisia": 0.16666666666666666, "Turkey": 0.0, "USA": 0.3333333333333333, "Ukraine": 0.0, "Uruguay": 0.4583333333333333, "Wales": 0.5, "West Germany": 0.875, "Yugoslavia": 0.0}, "avg_goals": {"Algeria": 1.0, "Angola": 0.0, "Argentina": 1.6206896551724137, "Australia": 1.0, "Austria": 0.0, "Belgium": 1.3076923076923077, "Bosnia": 1.0, "Brazil": 1.6, "Bulgaria": 1.0, "Cameroon": 0.6, "Canada": 0.6666666666666666, "Chile": 1.4, "Colombia": 2.1666666666666665, "Costa Rica": 1.25, "Croatia": 1.4, "Czechoslovakia": 0.0, "Denmark": 0.6666666666666666, "Ecuador": 0.8, "England": 1.6666666666666667, "France": 2.272727272727273, "Germany": 2.0, "Ghana": 1.5, "Greece": 0.0, "Honduras": 0.0, "Iceland": 0.6666666666666666, "Iran": 0.75, "Italy": 1.4166666666666667, "Ivory Coast": 1.0, "Japan": 1.375, "Korea Republic": 1.3333333333333333, "Mexico": 0.8333333333333334, "Morocco": 0.625, "Netherlands": 1.9444444444444444, "Nigeria": 0.5, "North Korea": 0.5, "Panama": 0.0, "Paraguay": 0.0, "Peru": 0.0, "Poland": 0.3333333333333333, "Portugal": 1.875, "Qatar": 0.0, "Republic of Ireland": 0.0, "Russia": 2.6666666666666665, "Saudi Arabia": 0.6, "Senegal": 0.75, "Serbia": 1.0, "Serbia & Montenegro": 0.0, "Slovakia": 1.0, "South Africa": 0.5, "South Korea": 1.1111111111111112, "Spain": 1.5714285714285714, "Sweden": 0.6666666666666666, "Switzerland": 1.0833333333333333, "Togo": 1.0, "Trinidad & Tobago": 0.0, "Tunisia": 1.0, "Turkey": 0.5, "USA": 1.1111111111111112, "Ukraine": 0.0, "Uruguay": 1.0833333333333333, "Wales": 1.0, "West Germany": 1.75, "Yugoslavia": 1.0}, "titles": {"Brazil": 5, "Germany": 4, "Italy": 4, "France": 2, "Argentina": 3, "Uruguay": 2, "England": 1, "Spain": 1, "West Germany": 3}, "team_games": {"Algeria": 2, "Angola": 1, "Argentina": 29, "Australia": 9, "Austria": 1, "Belgium": 13, "Bosnia": 1, "Brazil": 35, "Bulgaria": 1, "Cameroon": 5, "Canada": 3, "Chile": 5, "Colombia": 6, "Costa Rica": 4, "Croatia": 15, "Czechoslovakia": 1, "Denmark": 6, "Ecuador": 5, "England": 18, "France": 22, "Germany": 27, "Ghana": 4, "Greece": 1, "Honduras": 1, "Iceland": 3, "Iran": 4, "Italy": 12, "Ivory Coast": 3, "Japan": 8, "Korea Republic": 3, "Mexico": 12, "Morocco": 8, "Netherlands": 18, "Nigeria": 6, "North Korea": 2, "Panama": 1, "Paraguay": 3, "Peru": 1, "Poland": 6, "Portugal": 16, "Qatar": 1, "Republic of Ireland": 1, "Russia": 3, "Saudi Arabia": 5, "Senegal": 4, "Serbia": 4, "Serbia & Montenegro": 1, "Slovakia": 1, "South Africa": 2, "South Korea": 9, "Spain": 14, "Sweden": 6, "Switzerland": 12, "Togo": 1, "Trinidad & Tobago": 1, "Tunisia": 3, "Turkey": 2, "USA": 9, "Ukraine": 2, "Uruguay": 12, "Wales": 1, "West Germany": 4, "Yugoslavia": 1}, "best_model": "Logistic Regression", "accuracy": 71.0, "all_models": {"Logistic Regression": {"mean": 71.0, "std": 4.6}, "Random Forest": {"mean": 64.8, "std": 2.3}, "Gradient Boosting": {"mean": 62.4, "std": 3.5}}, "features": ["rank_diff", "rank_ratio", "form_diff", "avg_goals_diff", "title_diff", "exp_diff", "phase_enc"], "n_matches": 210}